<?xml version="1.0"?>
<info>
	<id>files_external_ftp</id>
	<name>External Storage: FTP</name>
	<summary>Integrate FTP servers as external storages</summary>
	<description>
With ownCloud you can leverage storage that already exists in your enterprise. Administrators can for example decide to store the most sensitive data on-premises and less sensitive data in the cloud while making all of your files available through a single user interface and enabling compliance with your chosen security and governance policies.
This highly facilitates data infrastructure modernization in your business without the need of data migration or major investments in new storage systems.
Using ownCloud it is possible to integrate a wide range of storage types and make them accessible from all devices under the specified security policies in ownCloud. ownCloud works as an additional layer, providing users with a single point of access to their files on all storage locations.

This application enables integrating FTP servers as external storages.
Once a FTP server is integrated by an administrator or the user in self-service, users see a folder structure that mirrors the hierarchy of the FTP server.
Users can then selectively sync files to their desktop or access them on mobile devices like any other file in ownCloud. The files will remain on the FTP storage but are now accessible in a secure and fully logged and traceable way through ownCloud.

Administrators and users (when enabled) can find external storage configuration options in the 'Storage' section of admin and user settings, respectively.
	</description>
	<licence>AGPL</licence>
	<author>Robin Appelman, Thomas Müller, Vincent Petry, Ilja Neumann</author>
	<version>0.2.1</version>
	<category>storage</category>
	<types>
		<filesystem/>
	</types>
	<documentation>
    		<user>https://doc.owncloud.com/server/latest/user_manual/external_storage/external_storage.html</user>
		<admin>https://doc.owncloud.com/server/latest/admin_manual/configuration/files/external_storage/ftp.html</admin>
	</documentation>
	<screenshot>https://raw.githubusercontent.com/owncloud/promo/e1dd604d66b4c5f765579b4c160de3268169ea3c/ownCloud%20logo%20square.png</screenshot>

	<dependencies>
		<owncloud min-version="10" max-version="10"/>
	</dependencies>
	<website>https://github.com/owncloud/files_external_ftp/</website>
	<bugs>https://github.com/owncloud/files_external_ftp/issues</bugs>
	<repository type="git">https://github.com/owncloud/files_external_ftp.git</repository>
</info>
